time,ethReserve,usdReserve
1646359282.5481029,1.25,319.9482730052846
