time,ethReserve,usdReserve
0,1,1000
1649811619.925025,1.25,242.68925190861455
1649812520.6294627,1.5,-514.6214961827709
