time,ethReserve,usdReserve
0,1,1000
Sun Mar  6 20:52:38 2022,0.75,1638.1741652035926
Sun Mar  6 20:54:38 2022,0.5,2276.348330407185
